-- MySQL dump 10.13  Distrib 5.7.9, for Win64 (x86_64)
--
-- Host: vvv.test    Database: bluecircle
-- ------------------------------------------------------
-- Server version	5.5.5-10.3.18-MariaDB-1:10.3.18+maria~bionic-log

/*!40101 SET @OLD_CHARACTER_SET_CLIENT=@@CHARACTER_SET_CLIENT */;
/*!40101 SET @OLD_CHARACTER_SET_RESULTS=@@CHARACTER_SET_RESULTS */;
/*!40101 SET @OLD_COLLATION_CONNECTION=@@COLLATION_CONNECTION */;
/*!40101 SET NAMES utf8 */;
/*!40103 SET @OLD_TIME_ZONE=@@TIME_ZONE */;
/*!40103 SET TIME_ZONE='+00:00' */;
/*!40014 SET @OLD_UNIQUE_CHECKS=@@UNIQUE_CHECKS, UNIQUE_CHECKS=0 */;
/*!40014 SET @OLD_FOREIGN_KEY_CHECKS=@@FOREIGN_KEY_CHECKS, FOREIGN_KEY_CHECKS=0 */;
/*!40101 SET @OLD_SQL_MODE=@@SQL_MODE, SQL_MODE='NO_AUTO_VALUE_ON_ZERO' */;
/*!40111 SET @OLD_SQL_NOTES=@@SQL_NOTES, SQL_NOTES=0 */;

--
-- Table structure for table `wp_tq_pro4_blocked_dates`
--

DROP TABLE IF EXISTS `wp_tq_pro4_blocked_dates`;
/*!40101 SET @saved_cs_client     = @@character_set_client */;
/*!40101 SET character_set_client = utf8 */;
CREATE TABLE `wp_tq_pro4_blocked_dates` (
  `id` int(11) NOT NULL AUTO_INCREMENT,
  `start_date` timestamp NULL DEFAULT NULL,
  `end_date` timestamp NULL DEFAULT NULL,
  `created` timestamp NULL DEFAULT NULL,
  `modified` timestamp NULL DEFAULT NULL,
  PRIMARY KEY (`id`)
) ENGINE=InnoDB DEFAULT CHARSET=latin1;
/*!40101 SET character_set_client = @saved_cs_client */;

--
-- Dumping data for table `wp_tq_pro4_blocked_dates`
--

LOCK TABLES `wp_tq_pro4_blocked_dates` WRITE;
/*!40000 ALTER TABLE `wp_tq_pro4_blocked_dates` DISABLE KEYS */;
/*!40000 ALTER TABLE `wp_tq_pro4_blocked_dates` ENABLE KEYS */;
UNLOCK TABLES;

--
-- Table structure for table `wp_tq_pro4_holiday_dates`
--

DROP TABLE IF EXISTS `wp_tq_pro4_holiday_dates`;
/*!40101 SET @saved_cs_client     = @@character_set_client */;
/*!40101 SET character_set_client = utf8 */;
CREATE TABLE `wp_tq_pro4_holiday_dates` (
  `id` int(11) NOT NULL AUTO_INCREMENT,
  `start_date` timestamp NULL DEFAULT NULL,
  `end_date` timestamp NULL DEFAULT NULL,
  `created` timestamp NULL DEFAULT NULL,
  `modified` timestamp NULL DEFAULT NULL,
  PRIMARY KEY (`id`)
) ENGINE=InnoDB DEFAULT CHARSET=latin1;
/*!40101 SET character_set_client = @saved_cs_client */;

--
-- Dumping data for table `wp_tq_pro4_holiday_dates`
--

LOCK TABLES `wp_tq_pro4_holiday_dates` WRITE;
/*!40000 ALTER TABLE `wp_tq_pro4_holiday_dates` DISABLE KEYS */;
/*!40000 ALTER TABLE `wp_tq_pro4_holiday_dates` ENABLE KEYS */;
UNLOCK TABLES;

--
-- Table structure for table `wp_tq_pro4_journey_lengths`
--

DROP TABLE IF EXISTS `wp_tq_pro4_journey_lengths`;
/*!40101 SET @saved_cs_client     = @@character_set_client */;
/*!40101 SET character_set_client = utf8 */;
CREATE TABLE `wp_tq_pro4_journey_lengths` (
  `id` int(11) NOT NULL AUTO_INCREMENT,
  `distance` decimal(10,2) DEFAULT NULL,
  `created` timestamp NULL DEFAULT NULL,
  `modified` timestamp NULL DEFAULT NULL,
  PRIMARY KEY (`id`)
) ENGINE=InnoDB AUTO_INCREMENT=34 DEFAULT CHARSET=latin1;
/*!40101 SET character_set_client = @saved_cs_client */;

--
-- Dumping data for table `wp_tq_pro4_journey_lengths`
--

LOCK TABLES `wp_tq_pro4_journey_lengths` WRITE;
/*!40000 ALTER TABLE `wp_tq_pro4_journey_lengths` DISABLE KEYS */;
INSERT INTO `wp_tq_pro4_journey_lengths` VALUES (16,0.00,'2019-07-01 13:41:30','2019-07-01 13:41:30'),(21,50.00,'2019-07-07 22:46:57','2019-07-07 22:46:57'),(22,30.00,'2019-07-07 22:50:05','2019-07-07 22:50:05'),(24,20.00,'2019-07-07 22:54:38','2019-07-07 22:54:38'),(25,55.00,'2019-07-07 22:57:17','2019-07-07 22:57:17'),(26,13.50,'2019-07-07 23:12:26','2019-07-07 23:12:26'),(28,65.00,'2019-07-07 23:21:04','2019-07-07 23:21:04'),(29,90.00,'2019-07-07 23:21:09','2019-07-07 23:21:09'),(30,70.00,'2019-07-07 23:25:21','2019-07-07 23:25:21'),(31,75.00,'2019-07-07 23:25:24','2019-07-07 23:25:24'),(32,80.00,'2019-07-07 23:25:27','2019-07-07 23:25:27'),(33,5.00,'2019-07-07 23:51:16','2019-07-07 23:51:16');
/*!40000 ALTER TABLE `wp_tq_pro4_journey_lengths` ENABLE KEYS */;
UNLOCK TABLES;

--
-- Table structure for table `wp_tq_pro4_rates`
--

DROP TABLE IF EXISTS `wp_tq_pro4_rates`;
/*!40101 SET @saved_cs_client     = @@character_set_client */;
/*!40101 SET character_set_client = utf8 */;
CREATE TABLE `wp_tq_pro4_rates` (
  `id` int(11) NOT NULL AUTO_INCREMENT,
  `service_id` int(11) NOT NULL DEFAULT 1,
  `vehicle_id` int(11) NOT NULL DEFAULT 1,
  `journey_length_id` int(11) DEFAULT NULL,
  `distance` decimal(10,2) DEFAULT NULL,
  `amount` decimal(10,2) DEFAULT NULL,
  `unit` decimal(10,2) DEFAULT NULL,
  `hour` decimal(10,2) DEFAULT NULL,
  `amount_holiday` decimal(10,2) DEFAULT NULL,
  `amount_weekend` decimal(10,2) DEFAULT NULL,
  `amount_out_of_hours` decimal(10,2) DEFAULT NULL,
  `unit_holiday` decimal(10,2) DEFAULT NULL,
  `unit_weekend` decimal(10,2) DEFAULT NULL,
  `unit_out_of_hours` decimal(10,2) DEFAULT NULL,
  `hour_holiday` decimal(10,2) DEFAULT NULL,
  `hour_weekend` decimal(10,2) DEFAULT NULL,
  `hour_out_of_hours` decimal(10,2) DEFAULT NULL,
  `created` timestamp NULL DEFAULT NULL,
  `modified` datetime DEFAULT NULL,
  PRIMARY KEY (`id`)
) ENGINE=InnoDB AUTO_INCREMENT=232 DEFAULT CHARSET=latin1;
/*!40101 SET character_set_client = @saved_cs_client */;

--
-- Dumping data for table `wp_tq_pro4_rates`
--

LOCK TABLES `wp_tq_pro4_rates` WRITE;
/*!40000 ALTER TABLE `wp_tq_pro4_rates` DISABLE KEYS */;
INSERT INTO `wp_tq_pro4_rates` VALUES (54,3,2,16,0.00,32.50,0.85,0.00,47.00,47.00,47.00,1.05,1.05,1.05,0.00,0.00,0.00,'2019-07-16 16:56:43','2019-07-16 16:56:43'),(55,2,2,16,0.00,240.00,0.95,0.00,240.00,240.00,240.00,1.05,1.05,1.05,0.00,0.00,0.00,'2019-07-01 13:50:55','2019-07-01 13:50:55'),(56,1,4,16,5.00,36.00,0.00,0.00,43.00,43.00,43.00,0.00,0.00,0.00,0.00,0.00,0.00,'2019-07-07 17:57:15','2019-07-07 17:57:15'),(57,1,3,16,5.00,27.00,0.00,0.00,40.00,40.00,40.00,0.00,0.00,0.00,0.00,0.00,0.00,'2019-07-07 18:49:37','2019-07-07 18:49:37'),(58,2,3,16,0.00,240.00,1.00,0.00,240.00,240.00,240.00,1.15,1.15,1.15,0.00,0.00,0.00,'2019-07-01 14:09:27','2019-07-01 14:09:27'),(59,3,3,16,0.00,39.00,0.90,0.00,63.00,63.00,63.00,1.15,1.15,1.15,0.00,0.00,0.00,'2019-07-01 14:11:41','2019-07-01 14:11:41'),(60,1,4,16,0.00,15.00,1.00,0.00,38.00,38.00,38.00,1.15,1.15,1.15,0.00,0.00,0.00,'2019-07-22 19:45:17','2019-07-22 19:45:17'),(61,2,4,16,0.00,240.00,1.15,0.00,240.00,240.00,240.00,1.35,1.35,1.35,0.00,0.00,0.00,'2019-07-07 20:04:45','2019-07-07 20:04:45'),(62,3,4,16,0.00,42.00,0.95,0.00,72.00,72.00,72.00,1.15,1.15,1.15,0.00,0.00,0.00,'2019-07-01 14:15:30','2019-07-01 14:15:30'),(63,1,5,16,0.00,20.00,1.00,0.00,40.00,40.00,40.00,1.20,1.20,1.20,0.00,0.00,0.00,'2019-07-08 01:06:24','2019-07-08 01:06:24'),(64,3,5,16,0.00,49.00,0.95,0.00,73.00,73.00,73.00,1.20,1.20,1.20,0.00,0.00,0.00,'2019-07-01 14:27:47','2019-07-01 14:27:47'),(65,2,5,16,0.00,240.00,1.25,0.00,240.00,240.00,240.00,1.45,1.45,1.45,0.00,0.00,0.00,'2019-07-07 20:03:44','2019-07-07 20:03:44'),(66,1,6,16,5.00,50.00,0.00,0.00,66.00,66.00,66.00,0.00,0.00,0.00,0.00,0.00,0.00,'2019-07-23 10:37:54','2019-07-23 10:37:54'),(67,3,6,16,0.00,53.00,1.30,0.00,83.00,83.00,83.00,1.66,1.66,1.66,0.00,0.00,0.00,'2019-07-01 14:22:52','2019-07-01 14:22:52'),(68,2,6,16,0.00,240.00,1.35,0.00,240.00,240.00,240.00,1.70,1.70,1.70,0.00,0.00,0.00,'2019-07-01 14:23:26','2019-07-01 14:23:26'),(69,1,2,16,5.00,19.00,0.00,0.00,30.00,30.00,30.00,0.00,0.00,0.00,0.00,0.00,0.00,'2019-07-07 18:02:48','2019-07-07 18:02:48'),(71,1,5,16,5.00,36.00,0.00,0.00,43.00,43.00,43.00,0.00,0.00,0.00,0.00,0.00,0.00,'2019-07-07 17:38:38','2019-07-07 17:38:38'),(81,1,2,16,0.00,10.00,0.85,0.00,28.00,28.00,28.00,1.00,1.00,1.00,0.00,0.00,0.00,'2019-07-22 19:51:04','2019-07-22 19:51:04'),(82,1,3,16,0.00,20.00,0.85,0.00,30.00,30.00,30.00,1.10,1.10,1.10,0.00,0.00,0.00,'2019-07-22 19:51:56','2019-07-22 19:51:56'),(85,1,6,16,0.00,10.00,1.30,0.00,38.00,38.00,38.00,1.40,1.40,1.40,0.00,0.00,0.00,'2019-07-23 10:32:23','2019-07-23 10:32:23'),(103,1,2,33,0.00,19.00,0.00,0.00,30.00,30.00,30.00,0.00,0.00,0.00,0.00,0.00,0.00,'2019-07-17 17:35:18','2019-07-17 17:35:18'),(104,1,2,26,0.00,27.50,0.00,0.00,40.00,40.00,40.00,0.00,0.00,0.00,0.00,0.00,0.00,'2019-07-23 09:57:31','2019-07-23 09:57:31'),(105,1,2,24,0.00,30.00,0.00,0.00,40.00,40.00,40.00,0.00,0.00,0.00,0.00,0.00,0.00,'2019-07-23 09:57:59','2019-07-23 09:57:59'),(106,1,2,22,0.00,45.00,0.00,0.00,55.00,55.00,55.00,0.00,0.00,0.00,0.00,0.00,0.00,'2019-07-23 09:58:28','2019-07-23 09:58:28'),(107,1,2,21,0.00,55.00,0.00,0.00,66.00,66.00,66.00,0.00,0.00,0.00,0.00,0.00,0.00,'2019-07-23 09:58:51','2019-07-23 09:58:51'),(108,1,2,25,0.00,60.00,0.00,0.00,72.00,72.00,72.00,0.00,0.00,0.00,0.00,0.00,0.00,'2019-07-23 09:59:29','2019-07-23 09:59:29'),(109,1,2,30,0.00,70.00,0.00,0.00,84.00,84.00,84.00,0.00,0.00,0.00,0.00,0.00,0.00,'2019-07-23 10:00:29','2019-07-23 10:00:29'),(110,1,2,31,0.00,75.00,0.00,0.00,88.00,88.00,88.00,0.00,0.00,0.00,0.00,0.00,0.00,'2019-07-23 10:01:06','2019-07-23 10:01:06'),(111,1,2,32,0.00,80.00,0.00,0.00,96.00,96.00,96.00,0.00,0.00,0.00,0.00,0.00,0.00,'2019-07-23 10:01:42','2019-07-23 10:01:42'),(112,1,2,29,0.00,90.00,0.00,0.00,108.00,108.00,108.00,0.00,0.00,0.00,0.00,0.00,0.00,'2019-07-23 10:02:08','2019-07-23 10:02:08'),(113,1,2,28,0.00,65.00,0.00,0.00,78.00,78.00,78.00,0.00,0.00,0.00,0.00,0.00,0.00,'2019-07-23 09:59:54','2019-07-23 09:59:54'),(114,1,3,29,0.00,95.00,0.00,0.00,110.00,110.00,110.00,0.00,0.00,0.00,0.00,0.00,0.00,'2019-07-23 10:10:26','2019-07-23 10:10:26'),(115,1,3,32,0.00,85.00,0.00,0.00,102.00,102.00,102.00,0.00,0.00,0.00,0.00,0.00,0.00,'2019-07-23 10:09:57','2019-07-23 10:09:57'),(117,1,3,30,0.00,75.00,0.00,0.00,88.00,88.00,88.00,0.00,0.00,0.00,0.00,0.00,0.00,'2019-07-23 10:08:31','2019-07-23 10:08:31'),(118,1,3,28,0.00,75.00,0.00,0.00,90.00,90.00,90.00,0.00,0.00,0.00,0.00,0.00,0.00,'2019-07-23 10:07:20','2019-07-23 10:07:20'),(120,1,3,21,0.00,60.00,0.00,0.00,72.00,72.00,72.00,0.00,0.00,0.00,0.00,0.00,0.00,'2019-07-23 10:05:45','2019-07-23 10:05:45'),(124,1,3,33,0.00,30.00,0.00,0.00,45.00,45.00,45.00,0.00,0.00,0.00,0.00,0.00,0.00,'2019-07-22 19:24:53','2019-07-22 19:24:53'),(125,1,3,26,0.00,30.00,0.00,0.00,45.00,45.00,45.00,0.00,0.00,0.00,0.00,0.00,0.00,'2019-07-23 10:02:46','2019-07-23 10:02:46'),(126,1,3,25,0.00,65.00,0.00,0.00,78.00,78.00,78.00,0.00,0.00,0.00,0.00,0.00,0.00,'2019-07-23 10:06:17','2019-07-23 10:06:17'),(130,1,4,33,0.00,36.00,0.00,0.00,50.00,50.00,50.00,0.00,0.00,0.00,0.00,0.00,0.00,'2019-07-23 10:11:38','2019-07-23 10:11:38'),(131,1,4,26,0.00,36.00,0.00,0.00,50.00,50.00,50.00,0.00,0.00,0.00,0.00,0.00,0.00,'2019-07-23 10:12:04','2019-07-23 10:12:04'),(132,1,4,24,0.00,36.00,0.00,0.00,50.00,50.00,50.00,0.00,0.00,0.00,0.00,0.00,0.00,'2019-07-23 10:12:34','2019-07-23 10:12:34'),(133,1,4,21,0.00,65.00,0.00,0.00,78.00,78.00,78.00,0.00,0.00,0.00,0.00,0.00,0.00,'2019-07-23 10:14:01','2019-07-23 10:14:01'),(134,1,4,25,0.00,70.00,0.00,0.00,84.00,84.00,84.00,0.00,0.00,0.00,0.00,0.00,0.00,'2019-07-23 10:14:30','2019-07-23 10:14:30'),(136,1,3,31,0.00,80.00,0.00,0.00,96.00,96.00,96.00,0.00,0.00,0.00,0.00,0.00,0.00,'2019-07-23 10:09:10','2019-07-23 10:09:10'),(137,1,4,22,0.00,55.00,0.00,0.00,67.00,67.00,67.00,0.00,0.00,0.00,0.00,0.00,0.00,'2019-07-23 10:13:20','2019-07-23 10:13:20'),(138,1,4,30,0.00,80.00,0.00,0.00,96.00,96.00,96.00,0.00,0.00,0.00,0.00,0.00,0.00,'2019-07-23 10:15:44','2019-07-23 10:15:44'),(139,1,4,31,0.00,85.00,0.00,0.00,100.00,100.00,100.00,0.00,0.00,0.00,0.00,0.00,0.00,'2019-07-23 10:16:17','2019-07-23 10:16:17'),(140,1,4,32,0.00,85.00,0.00,0.00,105.00,105.00,105.00,0.00,0.00,0.00,0.00,0.00,0.00,'2019-07-23 10:16:50','2019-07-23 10:16:50'),(141,1,4,29,0.00,100.00,0.00,0.00,120.00,120.00,120.00,0.00,0.00,0.00,0.00,0.00,0.00,'2019-07-23 10:17:19','2019-07-23 10:17:19'),(144,1,5,33,0.00,36.00,0.00,0.00,55.00,55.00,55.00,0.00,0.00,0.00,0.00,0.00,0.00,'2019-07-22 19:26:24','2019-07-22 19:26:24'),(145,1,5,26,0.00,40.00,0.00,0.00,56.00,56.00,56.00,0.00,0.00,0.00,0.00,0.00,0.00,'2019-07-23 10:18:01','2019-07-23 10:18:01'),(146,1,5,24,0.00,55.00,0.00,0.00,66.00,66.00,66.00,0.00,0.00,0.00,0.00,0.00,0.00,'2019-07-23 10:18:32','2019-07-23 10:18:32'),(147,1,5,22,0.00,65.00,0.00,0.00,78.00,78.00,78.00,0.00,0.00,0.00,0.00,0.00,0.00,'2019-07-23 10:19:02','2019-07-23 10:19:02'),(148,1,5,21,0.00,70.00,0.00,0.00,84.00,84.00,84.00,0.00,0.00,0.00,0.00,0.00,0.00,'2019-07-23 10:20:02','2019-07-23 10:20:02'),(149,1,5,25,0.00,75.00,0.00,0.00,90.00,90.00,90.00,0.00,0.00,0.00,0.00,0.00,0.00,'2019-07-23 10:20:32','2019-07-23 10:20:32'),(150,1,5,28,0.00,77.00,0.00,0.00,92.00,92.00,92.00,0.00,0.00,0.00,0.00,0.00,0.00,'2019-07-23 10:21:06','2019-07-23 10:21:06'),(151,1,5,30,0.00,85.00,0.00,0.00,102.00,102.00,102.00,0.00,0.00,0.00,0.00,0.00,0.00,'2019-07-23 10:21:37','2019-07-23 10:21:37'),(152,1,5,31,0.00,90.00,0.00,0.00,108.00,108.00,108.00,0.00,0.00,0.00,0.00,0.00,0.00,'2019-07-23 10:22:04','2019-07-23 10:22:04'),(153,1,5,32,0.00,90.00,0.00,0.00,110.00,110.00,110.00,0.00,0.00,0.00,0.00,0.00,0.00,'2019-07-23 10:22:43','2019-07-23 10:22:43'),(154,1,5,29,0.00,110.00,0.00,0.00,132.00,132.00,132.00,0.00,0.00,0.00,0.00,0.00,0.00,'2019-07-23 10:23:21','2019-07-23 10:23:21'),(155,1,6,33,0.00,50.00,0.00,0.00,66.00,66.00,66.00,0.00,0.00,0.00,0.00,0.00,0.00,'2019-07-23 10:37:24','2019-07-23 10:37:24'),(156,1,6,26,0.00,55.00,0.00,0.00,75.00,75.00,75.00,0.00,0.00,0.00,0.00,0.00,0.00,'2019-07-23 10:24:03','2019-07-23 10:24:03'),(157,1,6,24,0.00,60.00,0.00,0.00,80.00,80.00,80.00,0.00,0.00,0.00,0.00,0.00,0.00,'2019-07-23 10:24:42','2019-07-23 10:24:42'),(158,1,6,22,0.00,75.00,0.00,0.00,90.00,90.00,90.00,0.00,0.00,0.00,0.00,0.00,0.00,'2019-07-23 10:25:17','2019-07-23 10:25:17'),(165,1,6,29,0.00,125.00,0.00,0.00,150.00,150.00,150.00,0.00,0.00,0.00,0.00,0.00,0.00,'2019-07-23 10:29:10','2019-07-23 10:29:10'),(166,1,4,28,0.00,72.00,0.00,0.00,87.00,87.00,87.00,0.00,0.00,0.00,0.00,0.00,0.00,'2019-07-23 10:15:08','2019-07-23 10:15:08'),(167,1,3,24,0.00,35.00,0.00,0.00,48.00,48.00,48.00,0.00,0.00,0.00,0.00,0.00,0.00,'2019-07-23 10:03:59','2019-07-23 10:03:59'),(168,1,3,22,0.00,50.00,0.00,0.00,60.00,60.00,60.00,0.00,0.00,0.00,0.00,0.00,0.00,'2019-07-23 10:05:08','2019-07-23 10:05:08'),(170,3,2,26,0.00,49.00,0.00,0.00,59.00,59.00,59.00,0.00,0.00,0.00,0.00,0.00,0.00,'2019-07-08 09:02:18','2019-07-08 09:02:18'),(171,3,2,24,0.00,49.00,0.00,0.00,59.00,59.00,59.00,0.00,0.00,0.00,0.00,0.00,0.00,'2019-07-08 09:03:01','2019-07-08 09:03:01'),(172,3,2,22,0.00,54.00,0.00,0.00,65.50,65.50,65.50,0.00,0.00,0.00,0.00,0.00,0.00,'2019-07-08 09:03:50','2019-07-08 09:03:50'),(173,3,2,21,0.00,67.50,0.00,0.00,80.00,80.00,80.00,0.00,0.00,0.00,0.00,0.00,0.00,'2019-07-08 09:04:32','2019-07-08 09:04:32'),(174,3,2,25,0.00,72.50,0.00,0.00,85.00,85.00,85.00,0.00,0.00,0.00,0.00,0.00,0.00,'2019-07-08 09:05:08','2019-07-08 09:05:08'),(175,3,2,33,0.00,41.50,0.00,0.00,51.50,51.50,51.50,0.00,0.00,0.00,0.00,0.00,0.00,'2019-07-08 09:11:32','2019-07-08 09:11:32'),(176,3,2,28,0.00,82.50,0.00,0.00,92.50,92.50,92.50,0.00,0.00,0.00,0.00,0.00,0.00,'2019-07-08 09:08:36','2019-07-08 09:08:36'),(177,3,2,30,0.00,87.50,0.00,0.00,97.50,97.50,97.50,0.00,0.00,0.00,0.00,0.00,0.00,'2019-07-08 09:09:16','2019-07-08 09:09:16'),(178,3,2,31,0.00,92.50,0.00,0.00,102.50,102.50,102.50,0.00,0.00,0.00,0.00,0.00,0.00,'2019-07-08 09:09:45','2019-07-08 09:09:45'),(179,3,2,32,0.00,97.50,0.00,0.00,102.50,102.50,102.50,0.00,0.00,0.00,0.00,0.00,0.00,'2019-07-08 09:10:30','2019-07-08 09:10:30'),(180,3,2,29,0.00,107.50,0.00,0.00,112.50,112.50,112.50,0.00,0.00,0.00,0.00,0.00,0.00,'2019-07-08 09:11:02','2019-07-08 09:11:02'),(181,3,3,33,0.00,45.50,0.00,0.00,52.00,52.00,52.00,0.00,0.00,0.00,0.00,0.00,0.00,'2019-07-08 09:50:29','2019-07-08 09:50:29'),(182,3,3,26,0.00,54.50,0.00,0.00,64.50,64.50,65.50,0.00,0.00,0.00,0.00,0.00,0.00,'2019-07-08 09:51:18','2019-07-08 09:51:18'),(183,3,3,24,0.00,54.50,0.00,0.00,64.50,64.50,64.50,0.00,0.00,0.00,0.00,0.00,0.00,'2019-07-08 09:52:15','2019-07-08 09:52:15'),(184,3,3,22,0.00,70.50,0.00,0.00,75.50,75.50,75.50,0.00,0.00,0.00,0.00,0.00,0.00,'2019-07-08 09:53:07','2019-07-08 09:53:07'),(185,3,3,21,0.00,75.50,0.00,0.00,80.50,80.50,80.50,0.00,0.00,0.00,0.00,0.00,0.00,'2019-07-08 09:54:56','2019-07-08 09:54:56'),(186,3,3,25,0.00,80.50,0.00,0.00,85.50,85.50,85.50,0.00,0.00,0.00,0.00,0.00,0.00,'2019-07-08 09:55:47','2019-07-08 09:55:47'),(188,3,3,28,0.00,85.50,0.00,0.00,90.50,90.50,90.50,0.00,0.00,0.00,0.00,0.00,0.00,'2019-07-08 09:57:46','2019-07-08 09:57:46'),(189,3,3,30,0.00,90.50,0.00,0.00,95.50,95.50,95.50,0.00,0.00,0.00,0.00,0.00,0.00,'2019-07-08 09:58:43','2019-07-08 09:58:43'),(190,3,3,31,0.00,95.50,0.00,0.00,100.50,100.50,100.50,0.00,0.00,0.00,0.00,0.00,0.00,'2019-07-08 09:59:31','2019-07-08 09:59:31'),(191,3,3,32,0.00,100.50,0.00,0.00,105.50,105.50,105.50,0.00,0.00,0.00,0.00,0.00,0.00,'2019-07-08 10:00:42','2019-07-08 10:00:42'),(192,3,3,29,0.00,115.50,0.00,0.00,120.50,120.50,120.50,0.00,0.00,0.00,0.00,0.00,0.00,'2019-07-08 10:01:41','2019-07-08 10:01:41'),(193,3,4,33,0.00,46.50,0.00,0.00,56.50,56.50,56.50,0.00,0.00,0.00,0.00,0.00,0.00,'2019-07-08 10:07:20','2019-07-08 10:07:20'),(194,3,4,26,0.00,55.50,0.00,0.00,65.50,65.50,65.50,0.00,0.00,0.00,0.00,0.00,0.00,'2019-07-08 10:07:58','2019-07-08 10:07:58'),(195,3,4,24,0.00,55.50,0.00,0.00,65.50,65.50,65.50,0.00,0.00,0.00,0.00,0.00,0.00,'2019-07-08 10:08:30','2019-07-08 10:08:30'),(196,3,4,22,0.00,71.50,0.00,0.00,76.50,76.50,76.50,0.00,0.00,0.00,0.00,0.00,0.00,'2019-07-08 10:09:02','2019-07-08 10:09:02'),(197,3,4,21,0.00,76.50,0.00,0.00,81.50,81.50,81.50,0.00,0.00,0.00,0.00,0.00,0.00,'2019-07-08 10:09:42','2019-07-08 10:09:42'),(198,3,4,25,0.00,81.50,0.00,0.00,86.50,86.50,86.50,0.00,0.00,0.00,0.00,0.00,0.00,'2019-07-08 10:10:12','2019-07-08 10:10:12'),(199,3,4,28,0.00,86.50,0.00,0.00,91.50,91.50,91.50,0.00,0.00,0.00,0.00,0.00,0.00,'2019-07-08 10:10:44','2019-07-08 10:10:44'),(200,3,4,30,0.00,91.50,0.00,0.00,96.50,96.50,96.50,0.00,0.00,0.00,0.00,0.00,0.00,'2019-07-08 10:11:11','2019-07-08 10:11:11'),(201,3,4,31,0.00,96.50,0.00,0.00,101.50,101.50,101.50,0.00,0.00,0.00,0.00,0.00,0.00,'2019-07-08 10:11:40','2019-07-08 10:11:40'),(202,3,4,32,0.00,101.50,0.00,0.00,105.50,105.50,105.50,0.00,0.00,0.00,0.00,0.00,0.00,'2019-07-08 10:12:22','2019-07-08 10:12:22'),(203,3,4,29,0.00,116.50,0.00,0.00,121.50,121.50,121.50,0.00,0.00,0.00,0.00,0.00,0.00,'2019-07-08 10:12:55','2019-07-08 10:12:55'),(204,3,5,33,0.00,55.50,0.00,0.00,60.50,60.50,60.50,0.00,0.00,0.00,0.00,0.00,0.00,'2019-07-08 10:15:27','2019-07-08 10:15:27'),(205,3,5,26,0.00,55.50,0.00,0.00,60.50,60.50,60.50,0.00,0.00,0.00,0.00,0.00,0.00,'2019-07-08 10:17:22','2019-07-08 10:17:22'),(206,3,5,24,0.00,55.50,0.00,0.00,60.50,60.50,60.50,0.00,0.00,0.00,0.00,0.00,0.00,'2019-07-08 10:19:11','2019-07-08 10:19:11'),(207,3,5,22,0.00,71.50,0.00,0.00,76.50,76.50,76.50,0.00,0.00,0.00,0.00,0.00,0.00,'2019-07-08 10:19:49','2019-07-08 10:19:49'),(208,3,5,21,0.00,76.50,0.00,0.00,81.50,81.50,81.50,0.00,0.00,0.00,0.00,0.00,0.00,'2019-07-08 10:20:20','2019-07-08 10:20:20'),(209,3,5,25,0.00,81.50,0.00,0.00,86.50,86.50,86.50,0.00,0.00,0.00,0.00,0.00,0.00,'2019-07-08 10:20:46','2019-07-08 10:20:46'),(210,3,5,28,0.00,86.50,0.00,0.00,91.50,91.50,91.50,0.00,0.00,0.00,0.00,0.00,0.00,'2019-07-08 10:21:14','2019-07-08 10:21:14'),(211,3,5,30,0.00,91.50,0.00,0.00,96.50,96.50,96.50,0.00,0.00,0.00,0.00,0.00,0.00,'2019-07-08 10:21:45','2019-07-08 10:21:45'),(212,3,5,31,0.00,96.50,0.00,0.00,101.50,101.50,101.50,0.00,0.00,0.00,0.00,0.00,0.00,'2019-07-08 10:22:13','2019-07-08 10:22:13'),(213,3,5,32,0.00,101.50,0.00,0.00,106.50,106.50,106.50,0.00,0.00,0.00,0.00,0.00,0.00,'2019-07-08 10:22:41','2019-07-08 10:22:41'),(214,3,5,29,0.00,116.50,0.00,0.00,121.50,121.50,121.50,0.00,0.00,0.00,0.00,0.00,0.00,'2019-07-08 10:23:19','2019-07-08 10:23:19'),(215,3,6,33,0.00,90.00,0.00,0.00,108.00,108.00,108.00,0.00,0.00,0.00,0.00,0.00,0.00,'2019-08-16 09:16:20','2019-08-16 09:16:20'),(216,3,6,26,0.00,90.50,0.00,0.00,98.50,98.50,98.50,0.00,0.00,0.00,0.00,0.00,0.00,'2019-08-09 21:38:02','2019-08-09 21:38:02'),(217,3,6,24,0.00,95.50,0.00,0.00,105.50,105.50,105.50,0.00,0.00,0.00,0.00,0.00,0.00,'2019-08-09 21:39:53','2019-08-09 21:39:53'),(218,3,6,22,0.00,97.50,0.00,0.00,102.50,102.50,102.50,0.00,0.00,0.00,0.00,0.00,0.00,'2019-07-08 10:39:42','2019-07-08 10:39:42'),(219,3,6,21,0.00,100.50,0.00,0.00,110.50,110.50,110.50,0.00,0.00,0.00,0.00,0.00,0.00,'2019-07-08 10:40:15','2019-07-08 10:40:15'),(220,3,6,25,0.00,105.50,0.00,0.00,115.50,115.50,115.50,0.00,0.00,0.00,0.00,0.00,0.00,'2019-07-08 10:40:49','2019-07-08 10:40:49'),(221,3,6,28,0.00,110.50,0.00,0.00,110.50,110.50,110.50,0.00,0.00,0.00,0.00,0.00,0.00,'2019-07-08 10:41:19','2019-07-08 10:41:19'),(222,3,6,30,0.00,115.50,0.00,0.00,125.50,125.50,125.50,0.00,0.00,0.00,0.00,0.00,0.00,'2019-07-08 10:41:54','2019-07-08 10:41:54'),(223,3,6,31,0.00,120.50,0.00,0.00,130.50,130.50,130.50,0.00,0.00,0.00,0.00,0.00,0.00,'2019-07-08 10:42:40','2019-07-08 10:42:40'),(224,3,6,32,0.00,125.50,0.00,0.00,135.50,135.50,135.50,0.00,0.00,0.00,0.00,0.00,0.00,'2019-07-08 10:43:08','2019-07-08 10:43:08'),(225,3,6,29,0.00,142.50,0.00,0.00,152.50,152.50,152.50,0.00,0.00,0.00,0.00,0.00,0.00,'2019-07-08 10:43:39','2019-07-08 10:43:39'),(226,1,6,21,0.00,85.00,0.00,0.00,100.00,100.00,100.00,0.00,0.00,0.00,0.00,0.00,0.00,'2019-07-23 10:25:59','2019-07-23 10:25:59'),(227,1,6,25,0.00,90.00,0.00,0.00,105.00,105.00,105.00,0.00,0.00,0.00,0.00,0.00,0.00,'2019-07-23 10:26:29','2019-07-23 10:26:29'),(228,1,6,28,0.00,95.00,0.00,0.00,120.00,120.00,120.00,0.00,0.00,0.00,0.00,0.00,0.00,'2019-07-23 10:26:55','2019-07-23 10:26:55'),(229,1,6,30,0.00,100.00,0.00,0.00,125.00,125.00,125.00,0.00,0.00,0.00,0.00,0.00,0.00,'2019-07-23 10:27:25','2019-07-23 10:27:25'),(230,1,6,31,0.00,100.00,0.00,0.00,125.00,125.00,125.00,0.00,0.00,0.00,0.00,0.00,0.00,'2019-07-23 10:27:57','2019-07-23 10:27:57'),(231,1,6,32,0.00,108.00,0.00,0.00,130.00,130.00,130.00,0.00,0.00,0.00,0.00,0.00,0.00,'2019-07-23 10:28:28','2019-07-23 10:28:28');
/*!40000 ALTER TABLE `wp_tq_pro4_rates` ENABLE KEYS */;
UNLOCK TABLES;

--
-- Table structure for table `wp_tq_pro4_services`
--

DROP TABLE IF EXISTS `wp_tq_pro4_services`;
/*!40101 SET @saved_cs_client     = @@character_set_client */;
/*!40101 SET character_set_client = utf8 */;
CREATE TABLE `wp_tq_pro4_services` (
  `id` int(11) NOT NULL AUTO_INCREMENT,
  `name` varchar(45) DEFAULT NULL,
  `description` text DEFAULT NULL,
  `amount` decimal(10,2) DEFAULT NULL,
  `created` timestamp NULL DEFAULT NULL,
  `modified` timestamp NULL DEFAULT NULL,
  PRIMARY KEY (`id`)
) ENGINE=InnoDB AUTO_INCREMENT=4 DEFAULT CHARSET=latin1;
/*!40101 SET character_set_client = @saved_cs_client */;

--
-- Dumping data for table `wp_tq_pro4_services`
--

LOCK TABLES `wp_tq_pro4_services` WRITE;
/*!40000 ALTER TABLE `wp_tq_pro4_services` DISABLE KEYS */;
INSERT INTO `wp_tq_pro4_services` VALUES (1,'Sameday Courier (UK)','30-60 Minutes Collection time, Direct Delivery',0.00,'2019-07-01 14:20:56','2019-07-01 14:20:56'),(2,'Sameday Courier (EUROPE)','Price Includes Boat or Train Crossing.',0.00,'2019-07-07 19:58:01','2019-07-07 19:58:01'),(3,'Sameday Courier (UK) Congestion Charge','Please use this service for Collections/Deliveries inside the London Congestion Zone as this includes the London Congestion charge in your quote.',0.00,'2019-07-01 14:20:30','2019-07-01 14:20:30');
/*!40000 ALTER TABLE `wp_tq_pro4_services` ENABLE KEYS */;
UNLOCK TABLES;

--
-- Table structure for table `wp_tq_pro4_vehicles`
--

DROP TABLE IF EXISTS `wp_tq_pro4_vehicles`;
/*!40101 SET @saved_cs_client     = @@character_set_client */;
/*!40101 SET character_set_client = utf8 */;
CREATE TABLE `wp_tq_pro4_vehicles` (
  `id` int(11) NOT NULL AUTO_INCREMENT,
  `name` varchar(45) DEFAULT NULL,
  `description` text DEFAULT NULL,
  `amount` decimal(10,2) DEFAULT NULL,
  `created` timestamp NULL DEFAULT NULL,
  `modified` timestamp NULL DEFAULT NULL,
  PRIMARY KEY (`id`)
) ENGINE=InnoDB AUTO_INCREMENT=8 DEFAULT CHARSET=latin1;
/*!40101 SET character_set_client = @saved_cs_client */;

--
-- Dumping data for table `wp_tq_pro4_vehicles`
--

LOCK TABLES `wp_tq_pro4_vehicles` WRITE;
/*!40000 ALTER TABLE `wp_tq_pro4_vehicles` DISABLE KEYS */;
INSERT INTO `wp_tq_pro4_vehicles` VALUES (2,'Small Van','Maximum payload 500kg 1.2m length x 1.1m wide x 1m height or 1 standard UK pallet.',0.00,'2019-07-08 01:20:49','2019-07-08 01:20:49'),(3,'Short Wheel Base Van','Maximum payload 750kg 2.3m length x 1.1m wide x 1.3m height or 2 standard UK pallets.',0.00,'2019-07-08 01:20:56','2019-07-08 01:20:56'),(4,'Medium Wheel Base Van','Maximum payload 1200kg 3.1m length x 1.2m wide x 1.8m height or 3 standard UK pallets.',0.00,'2019-07-08 01:21:02','2019-07-08 01:21:02'),(5,'Long Wheel Base Van','Maximum payload 1000kg 4.3m length x 1.2m wide x 1.8m height or 4 standard UK pallets.',0.00,'2019-07-08 01:21:11','2019-07-08 01:21:11'),(6,'Luton Curtainside','Maximum Payload 1000kg 4.3m length x 2.0m wide x 2.0m height or 6 standard UK pallets.',0.00,'2019-06-22 20:32:24','2019-06-22 20:32:24');
/*!40000 ALTER TABLE `wp_tq_pro4_vehicles` ENABLE KEYS */;
UNLOCK TABLES;
/*!40103 SET TIME_ZONE=@OLD_TIME_ZONE */;

/*!40101 SET SQL_MODE=@OLD_SQL_MODE */;
/*!40014 SET FOREIGN_KEY_CHECKS=@OLD_FOREIGN_KEY_CHECKS */;
/*!40014 SET UNIQUE_CHECKS=@OLD_UNIQUE_CHECKS */;
/*!40101 SET CHARACTER_SET_CLIENT=@OLD_CHARACTER_SET_CLIENT */;
/*!40101 SET CHARACTER_SET_RESULTS=@OLD_CHARACTER_SET_RESULTS */;
/*!40101 SET COLLATION_CONNECTION=@OLD_COLLATION_CONNECTION */;
/*!40111 SET SQL_NOTES=@OLD_SQL_NOTES */;

-- Dump completed on 2019-09-30 16:08:20
